{"accuracy": 0.6047339757017176, "roc_auc": 0.818370298318747, "feature_importances": {"room_type": 0.29740225169809814, "accommodates": 0.2675059656198863, "neighbourhood": 0.18268132735931097, "bathrooms": 0.14670392547854175, "bedrooms": 0.10570652984416286}, "confusion_matrix": [[1480, 393, 75, 7], [237, 798, 521, 55], [36, 272, 504, 179], [7, 36, 69, 105]], "classification_report": {"precision": {"low": 0.8409090909090909, "mid": 0.5323549032688459, "high": 0.4311377245508982, "lux": 0.30346820809248554}, "recall": {"low": 0.7570332480818415, "mid": 0.49534450651769085, "high": 0.508577194752775, "lux": 0.4838709677419355}, "f1-score": {"low": 0.7967698519515478, "mid": 0.5131832797427652, "high": 0.4666666666666667, "lux": 0.37300177619893427}, "support": {"low": 1955.0, "mid": 1611.0, "high": 991.0, "lux": 217.0}}}